id	severity	classification	migration_relationship	file	proc_type_system	symptom	reproduction	root_cause	recommended_fix	safe_to_fix_now	evidence
QA-01	P3	UPSTREAM DEFECT (imported, Stage 2)	New runtime path for Aquila (did not exist with the old weapon system); identical on upstream/master; NOT a merge error	nsv13/code/modules/overmap/weapons/delta_overmap_ship_weapons/physical.dm:57-59; nsv13/code/modules/overmap/weapons/delta_overmap_ship_weapons/_overmap_ship_weapon.dm:213-217	/datum/overmap_ship_weapon/proc/unlink_all_physical_weapons + /datum/overmap_ship_weapon/proc/unlink_weapon	runtime "Cannot read null.gunner_weapon_datums" in unlink_weapon; /obj/machinery/ship_weapon/Destroy aborts before ..() (object falls back to hard delete)	Load a boarded AI-ship interior that contains physical weapons (e.g. mako_carrier torpedo tube, carrier VLS) then qdel/destroy the AI ship. Overmap Destroy purges weapon datums before kill_boarding_level, the interior weapons still point at the deleted datum. Seen in QA run q3_aquila_serendipity (2 runtimes)	unlink_all_physical_weapons iterates `weapons` (assoc keys "loaded"/"all") instead of weapons["all"], so physical weapons are never unlinked when a datum is deleted	In physical.dm iterate a copy of weapons["all"]; optionally null-guard linked_overmap in unlink_weapon. 2-4 lines, upstream-compatible; better sent upstream	Technically yes (local), but upstream-owned code and P3: NOT applied (needs approval)	rt_results_qa3/q3_aquila_serendipity/runtime.log; same weapon code and same boarding-map weapon placements as upstream/master
QA-02	P3	UPSTREAM DEFECT (pre-existing component, used by Stage-4 feature)	Not caused by the merge; the imported tier-6 fighter shield plating relies on it	nsv13/code/modules/overmap/shieldgen.dm; nsv13/code/modules/overmap/fighters/_fighters.dm	/datum/component/overmap_shields/New(datum/P, start_integrity, max_integrity, recharge_rate); /obj/item/fighter_component/armour_plating/tier6/on_install	Every overmap_shields component starts at integrity 0 / max 100 / recharge 20 whatever the arguments (Peregrine fighter: intended 125/125/15)	QA06: spawn /obj/structure/overmap/small_craft/combat/solgov: shields integrity=0 max=100	Component framework calls New(list/raw_args); the override's extra parameters are always defaults. on_install also checks GetComponent on the item instead of the target	Move setup to Initialize(start_integrity, max_integrity, recharge_rate) upstream	No (upstream code, gameplay balance)	QA06 logs on all 6 maps
QA-03	P3	MAP POLICY (pre-existing in authoritative maps)	Upstream fixed these in its own maps; fix intentionally not imported (map policy)	_maps/map_files/Serendipity/Serendipity1.dmm; _maps/map_files/Aquila_Serendipity/Aquila_Serendipity1.dmm	mapped /obj/item/projectile/bullet/p50/soporific inside a wall at (153,141,3)	"bad index" runtime in /obj/item/projectile/proc/can_hit_target (projectile.dm:497) on every Serendipity / Aquila_Serendipity round start	Load serendipity or aquila_serendipity: 6/6 HEAD runs and 6/6 baseline runs	Unfired projectile placed by a mapper; impacted list is null until fire()	Remove the projectile instance from both maps (upstream did in #2815/#2824)	No: map edit; reported, not changed	rt_analysis_head.txt / rt_analysis_base.txt
QA-04	P3	MAP POLICY (half-imported upstream fix)	Stage 1 imported the code half of upstream fd266f7b6d (new type) but the map half was dropped by policy	_maps/map_files/Mining/nsv13/ruins/mining11.dmm; nsv13/code/game/objects/fluff.dm	/obj/machinery/smartfridge/drinks/pretender_stormdrive (unused)	The ruined stormdrive in mining ruin 11 stays invisible (pre-existing); the new pretender_stormdrive type is dead code	Load mining ruin 11	Map still var-edits a smartfridge with icon_state "broken", which update_icon overrides	Replace the var-edited smartfridge with /obj/machinery/smartfridge/drinks/pretender_stormdrive (1 map line) if map owners approve	No: map edit; reported, not changed	git show fd266f7b6d
QA-05	P3	PRE-EXISTING	Identical in pre-migration baseline (d253381c64); caused by Aquila PR #232 (2024-02-28)	_maps/RandomRooms/10x5/sk_rdm161_kilovault.dmm; _maps/RandomRooms/5x3/sk_rdm042_deltaclutter2.dmm; _maps/RandomRooms/fland/sk_rdm_fln_09_barbershop.dmm; _maps/RandomRooms/10x5/sk_rdm091_skidrow.dmm	random maintenance rooms	ALL_MAPS (CI template set) reports 19 errors: undefined /obj/effect/turf_decal/tile/neutral/opposingcorners, .../half/contrasted, /obj/structure/chair/comfy(/brown), /obj/item/bedsheet/random/double. 3 rooms cannot load, skidrow loses items	python tools/ci/template_dm_generator.py; dm -DCBT -DCIBUILDING -DCITESTING -DALL_MAPS	Rooms imported from BeeStation with tg type paths that NSV13 does not have	Re-path or drop the 4 rooms (map edit)	No: map edit	allmaps_all_errors.log vs allmaps_base_errors.log (identical)
QA-06	P2 (pre-existing)	PRE-EXISTING (localization coupling)	Identical in baseline; not touched by the migration	aquila/code/game/gamemodes/vampire/traitor_vamp.dm; aquila/code/game/gamemodes/vampire/vampire.dm; aquila/code/game/gamemodes/monkey/monkey.dm; aquila/code/game/dynamic/dynamic_rulesets_roundstart.dm; aquila/code/modules/admin/verbs/one_click_antag.dm; aquila/code/modules/events/sinfuldemon.dm; aquila/code/modules/antagonists/demon/demons.dm; nsv13/code/modules/squads/squad_manager.dm; nsv13/code/game/gamemodes/bloodling.dm; code/controllers/subsystem/job.dm; code/modules/uplink/uplink_items.dm; code/modules/surgery/organs/vocal_cords.dm; nsv13/code/modules/power/stormdrive.dm; nsv13/code/modules/power/reactor/rbmk.dm; nsv13/code/modules/overmap/weapons/projectiles_fx.dm	job restrictions / GetJob lookups using English titles	Restrictions silently do nothing under Polish titles: AI/Chaplain/Assistant/heads not excluded from vampire modes; sinfuldemon event runtimes on SSjob.GetJob("Assistant") (null.title); squad auto-assignment can't find Munitions Technician / Station Engineer / Atmospheric Technician; FillAIPosition never runs	Start traitor+vampire with an AI player; trigger the sinful demon event	Hardcoded English strings coupled to localized JOB_NAME_* values	Replace literals with JOB_NAME_* defines (separate localization-coupling pass)	No: pre-existing, out of scope	job_coupling + grep in report section 6
QA-07	P3	PRE-EXISTING (config)	Identical in baseline	config/jobs.txt; config/ranks/*.txt	job slot config	"Dyrektor Naukowr" and "Kurator" match no job (RD/curator use datum defaults); rank files list Marine, Sanitariusz, Flight Leader, Debtor, Cywilne, admirals with no job datum (harmless)	Load jobs config	Typos / stale titles	Fix to "Dyrektor Naukowy" and "Bibliotekarz" when approved	No: known item, needs approval	jc_head.txt == jc_base.txt
QA-08	P3	PRE-EXISTING (upstream)	Missing in fa47d5fe77, d253381c64, 69565b730f and HEAD	nsv13/code/datums/shuttles.dm and related template defs	/datum/map_template/shuttle/{whiteship/pod, arrival/omega, turbolift/semmes/aircraft, turbolift/nsv/enterprise, turbolift/nsv/galactica(+secondary), hammurabi}	7 registered shuttle templates point at .dmm files that do not exist	QA11 on any map	Dead template definitions	Remove the dead templates or add the maps (upstream)	No	QA11 logs
QA-09	P3	PRE-EXISTING (upstream fragility)	Code unchanged by migration; same runtimes in baseline QA12 runs	nsv13/code/modules/overmap/armour/nano_pump.dm; nsv13/code/modules/munitions/ship_weapons/ballistic_weapons/deck_guns.dm; nsv13/code/modules/munitions/ship_weapons/ballistic_weapons/gauss_gun.dm	boarding interior load/teardown	"Cannot read null.apnp" (nano-repair pump Destroy) x8 on teardown; "Cannot read null.anchored" (deck_turret Initialize, destroyer interior has no z below); gauss lower_rack null.visible_message if torn down within 4 s	QA12 (real ai_load_interior path) on HEAD and baseline	Null-unsafe Destroy/Initialize code in upstream munitions/armour code	Upstream null guards	No	q3b_default / q3b_aquila_snake vs q3_* runtime signatures
QA-10	P3	CLEANUP (generated file)	Aquila's changelog.html was already out of date-order before the migration; merge kept the mix	html/changelog.html	changelog page	Dates out of order, duplicate date headers, an author line without entries	Open html/changelog.html	Generated file merged textually instead of regenerated	Regenerate with tools/changelog/ss13_genchangelog.py (all Aquila entries are still in .all_changelog.yml)	Yes, cosmetic; not done (doc/generated, not a regression)	git show d253381c64:html/changelog.html
QA-11	P3	LEGACY DEBT (known)	Upstream changed retro laser descriptions; Aquila subtype keeps an old copy	aquila/code/modules/projectiles/guns/energy/laser.dm	/obj/item/gun/energy/laser/retro/old/research desc	English desc says "older model ... no longer used by Nanotrasen" while parents now describe SolGov-produced guns	Examine a research laser	Stale copied description	Re-word or translate in the localization pass	Cosmetic; not done	stale_var_overrides.py output
QA-12	DEPLOYMENT	DEPLOYMENT	Introduced by Stage 3/4 dependency updates	code/__DEFINES/tgs.dm; code/modules/tgs/v5/__interop_version.dm; config/config.txt; tools/requirements.txt	TGS DMAPI / client version / tools	DMAPI 7.3.0 -> 7.4.0 (interop 5.10.0 -> 5.11.0); CLIENT_MAX_VERSION 515 warns BYOND 516 clients; Pillow 12.3.0 needs Python >= 3.10 for tools	Deploy to the production TGS host	Upstream pins	Confirm the Aquila TGS server supports interop 5.11.0 before deploying; decide on CLIENT_MAX_VERSION for 516 players	n/a	report section 12
QA-13	n/a	TEST-HARNESS / ENVIRONMENTAL (not bugs)	Recorded so they are not mistaken for regressions	n/a	DreamDaemon on Windows; unit-test map-load race	rc=139 (0xC0000005) at every DreamDaemon shutdown, baseline and HEAD; "We started maploading while we were already maploading" (known race #9) can leave SSatoms in map-load mode so atoms created afterwards skip LateInitialize (boarding QA12 refusals on default map); runtimes in my QA tests caused by deleting ships with pending async fire	See report section 10	Environment / known race / harness	None for the migration	n/a	q4_default precheck log (interior_mode=0)
QA-14	UNKNOWN (open, needs follow-up)	UNKNOWN - reproducible HEAD-vs-baseline difference, root cause not yet found	Candidate migration regression on authoritative maps (default Aquila_Atlas, also seen on Atlas); NOT seen on Aquila_Snake, Aquila_Serendipity, Snake, Tycoon, Atlantis	nsv13/code/modules/overmap/overmap.dm (LateInitialize interior_mode switch); nsv13/code/modules/overmap/boarding/interiors.dm	/obj/structure/overmap LateInitialize / ai_load_interior	AI ships created during the unit-test window on the default map keep interior_mode=0 (NO_INTERIOR), so ai_load_interior refuses all 6 boarding interiors. Baseline d253381c64 with the identical QA12-only test loads 6/6 on the same map	QA12-only scratch test, map default: HEAD q3/q4/q5h = 0/6 loads, baseline q3b/q5b = 6/6; HEAD Aquila_Snake/Aquila_Serendipity/Snake/Tycoon/Atlantis = 6/6	Not determined (LateInitialize not reached or deferred; no runtime logged). Could also be a test-environment interaction (FTL unit test / map-load timing)	Investigate before deploy: in a live round on Aquila_Atlas spawn a boardable AI ship and check interior_mode / boarding; compare SSatoms.initialized at spawn time	No - cause unknown	rt_results_qa5/q5h_default vs q5b_default
